SYBT-CE,FM-II
SYBT-CE,AB
SYBT-CE,TCS
SYBT-CE,MPT
SYBT-CE,MPT-Lab
SYBT-CE,PPL
SYBT-CE,PPL-Lab
SYBT-CE,ILOE-Sem4
SYBT-CE,DC
SYBT-IT,FM-II
SYBT-IT,AB
SYBT-IT,TCS
SYBT-IT,MPT
SYBT-IT,MPT-Lab
SYBT-IT,PPL
SYBT-IT,PPL-Lab
SYBT-IT,ILOE-Sem4
SYBT-IT,DC
TYBT-CE,OS
TYBT-CE,OS-Lab
TYBT-CE,CASP
TYBT-CE,CASP-Lab
TYBT-CE,SE
TYBT-CE,SE-Lab
TYBT-CE,FOSS
TYBT-CE,FOSS-Lab
TYBT-CE,DM
TYBT-CE,DM-Lab
TYBT-CE,CBD
TYBT-CE,CBD-Lab
TYBT-CE,CG
TYBT-CE,CG-Lab
TYBT-CE,CPES
TYBT-CE,CPES-Lab
TYBT-CE,ILOE-Sem6
TYBT-IT,LP
TYBT-IT,LP-Lab
TYBT-IT,AnC
TYBT-IT,AnC-Lab
TYBT-IT,SDP
TYBT-IT,SDP-Lab
TYBT-IT,FOSS
TYBT-IT,FOSS-Lab
TYBT-IT,DM
TYBT-IT,DM-Lab
TYBT-IT,CBD
TYBT-IT,CBD-Lab
TYBT-IT,CG
TYBT-IT,CG-Lab
TYBT-IT,CPES
TYBT-IT,CPES-Lab
TYBT-IT,ILOE-Sem6
BT-CE,NLP
BT-CE,NLP-Lab
BT-CE,EC
BT-CE,EC-Lab
BT-CE,CSFLP
BT-CE,CSFLP-Lab
BT-CE,WST
BT-CE,WST-Lab
BT-IT,NLP
BT-IT,NLP-Lab
BT-IT,EC
BT-IT,EC-Lab
BT-IT,CSFLP
BT-IT,CSFLP-Lab
BT-IT,WST
BT-IT,WST-Lab
FYBT,FCP
FYBT,FCP-Lab
FYBT,ECW
FYMT-CE,AA
FYMT-CE,SIC
FYMT-CE,DMML
FYMT-CE,PG-Lab-II
FYMT-CE,CVBD
FYMT-CE,ES
FYMT-CE,MOOC
