FM-II,SYBT-CE-DSY
FM-II,SYBT-IT-DSY
ECW,FYBT-A1
ECW,FYBT-A2
ECW,FYBT-A3
ECW,FYBT-A4
ECW,FYBT-A5
ECW,FYBT-B1
ECW,FYBT-B2
ECW,FYBT-B3
ECW,FYBT-B4
ECW,FYBT-B5
ECW,FYBT-C1
ECW,FYBT-C2
ECW,FYBT-C3
ECW,FYBT-C4
ECW,FYBT-C5
ECW,FYBT-D1
ECW,FYBT-D2
ECW,FYBT-D3
ECW,FYBT-D4
ECW,FYBT-D5
FCP-Lab,FYBT-A1
FCP-Lab,FYBT-A2
FCP-Lab,FYBT-A3
FCP-Lab,FYBT-A4
FCP-Lab,FYBT-A5
FCP-Lab,FYBT-B1
FCP-Lab,FYBT-B2
FCP-Lab,FYBT-B3
FCP-Lab,FYBT-B4
FCP-Lab,FYBT-B5
FCP-Lab,FYBT-C1
FCP-Lab,FYBT-C2
FCP-Lab,FYBT-C3
FCP-Lab,FYBT-C4
FCP-Lab,FYBT-C5
FCP-Lab,FYBT-D1
FCP-Lab,FYBT-D2
FCP-Lab,FYBT-D3
FCP-Lab,FYBT-D4
FCP-Lab,FYBT-D5
MPT-Lab,SYBT-CE-S1
PPT-Lab,SYBT-CE-S1
MPT-Lab,SYBT-CE-S2
PPT-Lab,SYBT-CE-S2
MPT-Lab,SYBT-CE-S3
PPT-Lab,SYBT-CE-S3
MPT-Lab,SYBT-CE-S4
PPT-Lab,SYBT-CE-S4
MPT-Lab,SYBT-IT-S1
PPT-Lab,SYBT-IT-S1
MPT-Lab,SYBT-IT-S2
PPT-Lab,SYBT-IT-S2
MPT-Lab,SYBT-IT-S3
PPT-Lab,SYBT-IT-S3
MPT-Lab,SYBT-IT-S4
PPT-Lab,SYBT-IT-S4
OS-Lab,TYBT-CE-T1
CASP-Lab,TYBT-CE-T1
SE-Lab,TYBT-CE-T1
OS-Lab,TYBT-CE-T2
CASP-Lab,TYBT-CE-T2
SE-Lab,TYBT-CE-T2
OS-Lab,TYBT-CE-T3
CASP-Lab,TYBT-CE-T3
SE-Lab,TYBT-CE-T3
OS-Lab,TYBT-CE-T4
CASP-Lab,TYBT-CE-T4
SE-Lab,TYBT-CE-T4
OS-Lab,TYBT-CE-T5
CASP-Lab,TYBT-CE-T5
SE-Lab,TYBT-CE-T5
LP-Lab,TYBT-IT-T1
AnC-Lab,TYBT-IT-T1
SDP-Lab,TYBT-IT-T1
LP-Lab,TYBT-IT-T2
AnC-Lab,TYBT-IT-T2
SDP-Lab,TYBT-IT-T2
LP-Lab,TYBT-IT-T3
AnC-Lab,TYBT-IT-T3
SDP-Lab,TYBT-IT-T3
LP-Lab,TYBT-IT-T4
AnC-Lab,TYBT-IT-T4
SDP-Lab,TYBT-IT-T4
LP-Lab,TYBT-IT-T5
AnC-Lab,TYBT-IT-T5
SDP-Lab,TYBT-IT-T5
FOSS-Lab,TYBT-CE-FOSS1
CPES-Lab,TYBT-CE-CPES1
DM-Lab,TYBT-CE-DM1
CG-Lab,TYBT-CE-CG1
CBD-Lab,TYBT-CE-CBD1
FOSS-Lab,TYBT-IT-FOSS1
CPES-Lab,TYBT-IT-CPES1
DM-Lab,TYBT-IT-DM1
CG-Lab,TYBT-IT-CG1
CBD-Lab,TYBT-IT-CBD1
CBD-Lab,TYBT-IT-CBD2
EC-Lab,BT-CE-EC1
EC-Lab,BT-CE-EC2
CSFLP-Lab,BT-CE-CSFLP1
CSFLP-Lab,BT-CE-CSFLP2
WST-Lab,BT-CE-WST1
WST-Lab,BT-CE-WST2
WST-Lab,BT-CE-WST3
WST-Lab,BT-CE-WST4
WST-Lab,BT-CE-WST5
NLP-Lab,BT-CE-NLP1
EC-Lab,BT-IT-EC1
EC-Lab,BT-IT-EC2
CSFLP-Lab,BT-IT-CSFLP1
CSFLP-Lab,BT-IT-CSFLP2
WST-Lab,BT-IT-WST1
WST-Lab,BT-IT-WST2
WST-Lab,BT-IT-WST3
WST-Lab,BT-IT-WST4
WST-Lab,BT-IT-WST5
NLP-Lab,BT-IT-NLP1
